{
    "resources": [
        {
            "name": "model/formatter.js"
        },
        {
            "name": "controller/History.controller.js"
        },
        {
            "name": "model/models.js"
        },
        {
            "name": "i18n/i18n.properties",
            "raw": "i18n/i18n.properties"
        },
        {
            "name": "controller/Worklist.controller.js"
        },
        {
            "name": "controller/Sub_Route_Statistics.controller.js"
        },
        {
            "name": "controller/Sub_Route.controller.js"
        },
        {
            "name": "controller/StatCust.controller.js"
        },
        {
            "name": "controller/Route_Statistics.controller.js"
        },
        {
            "name": "controller/Route.controller.js"
        },
        {
            "name": "controller/Orders_Statistics.controller.js"
        },
        {
            "name": "controller/Object.controller.js"
        },
        {
            "name": "controller/NotFound.controller.js"
        },
        {
            "name": "controller/Index.controller.js"
        },
        {
            "name": "controller/Hub.controller.js"
        },
        {
            "name": "controller/History_Statistics.controller.js"
        },
        {
            "name": "manifest.json"
        },
        {
            "name": "controller/ErrorHandler.js"
        },
        {
            "name": "controller/Email.controller.js"
        },
        {
            "name": "controller/Customer_Statistics.controller.js"
        },
        {
            "name": "controller/Customer.controller.js"
        },
        {
            "name": "controller/Connections.controller.js"
        },
        {
            "name": "controller/Connection_Statistics.controller.js"
        },
        {
            "name": "controller/City.controller.js"
        },
        {
            "name": "controller/Carrier.controller.js"
        },
        {
            "name": "controller/BaseController.js"
        },
        {
            "name": "controller/App.controller.js"
        },
        {
            "name": "Component.js"
        },
        {
            "name": "manifest-bundle.zip"
        },
        {
            "name": "Component-preload.js",
            "merged": true
        },
        {
            "name": "controller/Sub_Route_Statistics-dbg.controller.js",
            "isDebug": true
        },
        {
            "name": "model/formatter-dbg.js",
            "isDebug": true
        },
        {
            "name": "controller/Worklist-dbg.controller.js",
            "isDebug": true
        },
        {
            "name": "model/models-dbg.js",
            "isDebug": true
        },
        {
            "name": "controller/Sub_Route-dbg.controller.js",
            "isDebug": true
        },
        {
            "name": "controller/StatCust-dbg.controller.js",
            "isDebug": true
        },
        {
            "name": "controller/Route_Statistics-dbg.controller.js",
            "isDebug": true
        },
        {
            "name": "controller/Route-dbg.controller.js",
            "isDebug": true
        },
        {
            "name": "controller/Orders_Statistics-dbg.controller.js",
            "isDebug": true
        },
        {
            "name": "controller/Object-dbg.controller.js",
            "isDebug": true
        },
        {
            "name": "controller/NotFound-dbg.controller.js",
            "isDebug": true
        },
        {
            "name": "controller/Index-dbg.controller.js",
            "isDebug": true
        },
        {
            "name": "controller/Hub-dbg.controller.js",
            "isDebug": true
        },
        {
            "name": "controller/History_Statistics-dbg.controller.js",
            "isDebug": true
        },
        {
            "name": "controller/History-dbg.controller.js",
            "isDebug": true
        },
        {
            "name": "controller/ErrorHandler-dbg.js",
            "isDebug": true
        },
        {
            "name": "controller/Email-dbg.controller.js",
            "isDebug": true
        },
        {
            "name": "controller/Customer_Statistics-dbg.controller.js",
            "isDebug": true
        },
        {
            "name": "controller/Customer-dbg.controller.js",
            "isDebug": true
        },
        {
            "name": "controller/Connections-dbg.controller.js",
            "isDebug": true
        },
        {
            "name": "controller/Connection_Statistics-dbg.controller.js",
            "isDebug": true
        },
        {
            "name": "controller/City-dbg.controller.js",
            "isDebug": true
        },
        {
            "name": "controller/Carrier-dbg.controller.js",
            "isDebug": true
        },
        {
            "name": "controller/BaseController-dbg.js",
            "isDebug": true
        },
        {
            "name": "controller/App-dbg.controller.js",
            "isDebug": true
        },
        {
            "name": "Component-dbg.js",
            "isDebug": true
        },
        {
            "name": "../../sap-ui-version.json"
        },
        {
            "name": "view/Worklist.view.xml"
        },
        {
            "name": "view/Sub_Route_Statistics.view.xml"
        },
        {
            "name": "view/Sub_Route.view.xml"
        },
        {
            "name": "view/StatCust.view.xml"
        },
        {
            "name": "view/Route_Statistics.view.xml"
        },
        {
            "name": "view/Route.view.xml"
        },
        {
            "name": "view/Orders_Statistics.view.xml"
        },
        {
            "name": "view/OrdStat.view.xml"
        },
        {
            "name": "view/ObjectNotFound.view.xml"
        },
        {
            "name": "view/Object.view.xml"
        },
        {
            "name": "view/NotFound.view.xml"
        },
        {
            "name": "view/Index.view.xml"
        },
        {
            "name": "view/Hub.view.xml"
        },
        {
            "name": "view/History_Statistics.view.xml"
        },
        {
            "name": "view/History.view.xml"
        },
        {
            "name": "view/Email.view.xml"
        },
        {
            "name": "view/Customer_Statistics.view.xml"
        },
        {
            "name": "view/Customer.view.xml"
        },
        {
            "name": "view/Connections.view.xml"
        },
        {
            "name": "view/Connection_Statistics.view.xml"
        },
        {
            "name": "view/City.view.xml"
        },
        {
            "name": "view/Carrier.view.xml"
        },
        {
            "name": "view/App.view.xml"
        },
        {
            "name": "index.html"
        }
    ]
}