{
  "controller/History_Statistics-dbg.controller.js": 1613649666659,
  "controller/History.controller.js": 1613137424837,
  "model/models.js": 1612972658040,
  "model/formatter.js": 1612972658040,
  "controller/Worklist.controller.js": 1613387733482,
  "controller/Sub_Route_Statistics.controller.js": 1613649976195,
  "controller/Sub_Route.controller.js": 1613147171270,
  "controller/StatCust.controller.js": 1613774996250,
  "controller/Route_Statistics.controller.js": 1613649937802,
  "controller/Route.controller.js": 1613147142885,
  "controller/Orders_Statistics.controller.js": 1613673089968,
  "controller/Object.controller.js": 1612972658036,
  "controller/NotFound.controller.js": 1612972658036,
  "controller/Index.controller.js": 1613777213275,
  "controller/Hub.controller.js": 1613147122057,
  "controller/History_Statistics.controller.js": 1613649666659,
  "manifest.json": 1613778140406,
  "controller/ErrorHandler.js": 1612972658036,
  "controller/Email.controller.js": 1613775272447,
  "controller/Customer_Statistics.controller.js": 1613649444468,
  "controller/Customer.controller.js": 1613147100825,
  "controller/Connections.controller.js": 1613146992940,
  "controller/Connection_Statistics.controller.js": 1613649732340,
  "controller/City.controller.js": 1613146943255,
  "controller/Carrier.controller.js": 1613146873219,
  "controller/BaseController.js": 1612978676279,
  "controller/App.controller.js": 1612972658036,
  "Component.js": 1612972658032,
  "manifest-bundle.zip": 1613778139936,
  "Component-preload.js": 1613778140310,
  "controller/Sub_Route_Statistics-dbg.controller.js": 1613649976195,
  "model/formatter-dbg.js": 1612972658040,
  "controller/Worklist-dbg.controller.js": 1613387733482,
  "model/models-dbg.js": 1612972658040,
  "controller/Sub_Route-dbg.controller.js": 1613147171270,
  "controller/StatCust-dbg.controller.js": 1613774996250,
  "controller/Route_Statistics-dbg.controller.js": 1613649937802,
  "controller/Route-dbg.controller.js": 1613147142885,
  "controller/Orders_Statistics-dbg.controller.js": 1613673089968,
  "controller/Object-dbg.controller.js": 1612972658036,
  "controller/NotFound-dbg.controller.js": 1612972658036,
  "controller/Index-dbg.controller.js": 1613777213275,
  "controller/Hub-dbg.controller.js": 1613147122057,
  "i18n/i18n.properties": 1613661670452,
  "controller/History-dbg.controller.js": 1613137424837,
  "controller/ErrorHandler-dbg.js": 1612972658036,
  "controller/Email-dbg.controller.js": 1613775272447,
  "controller/Customer_Statistics-dbg.controller.js": 1613649444468,
  "controller/Customer-dbg.controller.js": 1613147100825,
  "controller/Connections-dbg.controller.js": 1613146992940,
  "controller/Connection_Statistics-dbg.controller.js": 1613649732340,
  "controller/City-dbg.controller.js": 1613146943255,
  "controller/Carrier-dbg.controller.js": 1613146873219,
  "controller/BaseController-dbg.js": 1612978676279,
  "controller/App-dbg.controller.js": 1612972658036,
  "Component-dbg.js": 1612972658032,
  "resources.json": 1613778140410,
  "view/Worklist.view.xml": 1613150983198,
  "view/Sub_Route_Statistics.view.xml": 1613650204032,
  "view/Sub_Route.view.xml": 1613145989170,
  "view/StatCust.view.xml": 1613775728040,
  "view/Route_Statistics.view.xml": 1613650194431,
  "view/Route.view.xml": 1613145752200,
  "view/Orders_Statistics.view.xml": 1613664511194,
  "view/OrdStat.view.xml": 1613673638720,
  "view/ObjectNotFound.view.xml": 1612972658048,
  "view/Object.view.xml": 1613039055523,
  "view/NotFound.view.xml": 1612972658044,
  "view/Index.view.xml": 1613774128240,
  "view/Hub.view.xml": 1613145416413,
  "view/History_Statistics.view.xml": 1613650171721,
  "view/History.view.xml": 1613137991682,
  "view/Email.view.xml": 1613778087257,
  "view/Customer_Statistics.view.xml": 1613650162339,
  "view/Customer.view.xml": 1613148597807,
  "view/Connections.view.xml": 1613148370021,
  "view/Connection_Statistics.view.xml": 1613650151456,
  "view/City.view.xml": 1613144133749,
  "view/Carrier.view.xml": 1613148749185,
  "view/App.view.xml": 1612972658044,
  "test.html": 1612972658040,
  "index.html": 1612972658036
}